{
  "name": "pf2-dmg-count",
  "title": "Pathfinder 2 damage count",
  "description": "Counts damage made to a token in Pathfinder 2",
  "minimumCoreVersion": "0.7.5",
  "compatibleCoreVersion": "0.8.6",
  "version": "1.2",
  "author": "Javier Rivera",
  "systems": ["pf2e"],
  "scripts": ["./scripts/brython.js", "./scripts/brython_modules.js","./scripts/pf2-dmg.js"],
  "styles": [],
  "url": "https://github.com/javierriveracastro/pf2-dmg-count",
  "manifest": "https://raw.githubusercontent.com/javierriveracastro/pf2-dmg-count/main/pf2-dmg-count/module.json",
  "download": "https://github.com/javierriveracastro/pf2-dmg-count/blob/main/pf2-dmg-count.zip?raw=true"
}