{
  "name": "pf2-dmg-count",
  "title": "Pathfinder 2 damage count",
  "description": "Counts damage made to a token in Pathfinder 2",
  "compatibleCoreVersion": "0.7.9",
  "version": "0.2",
  "author": "Javier Rivera",
  "systems": ["pf2e"],
  "esmodules": ["./scripts/main.js"],
  "styles": [],
  "url": "https://github.com/javierriveracastro/pf2-dmg-count",
  "manifest": "https://raw.githubusercontent.com/javierriveracastro/pf2-dmg-count/main/pf2-dmg-count/module.json",
  "download": "https://github.com/javierriveracastro/pf2-dmg-count/blob/main/pf2-dmg-count.zip?raw=true",
  "minimumCoreVersion": "0.7.5"
}